-- phpMyAdmin SQL Dump
-- version 4.5.2
-- http://www.phpmyadmin.net
--
-- Host: localhost
-- Generation Time: Feb 26, 2018 at 04:43 PM
-- Server version: 10.1.13-MariaDB
-- PHP Version: 5.6.23

SET SQL_MODE = "NO_AUTO_VALUE_ON_ZERO";
SET time_zone = "+00:00";


/*!40101 SET @OLD_CHARACTER_SET_CLIENT=@@CHARACTER_SET_CLIENT */;
/*!40101 SET @OLD_CHARACTER_SET_RESULTS=@@CHARACTER_SET_RESULTS */;
/*!40101 SET @OLD_COLLATION_CONNECTION=@@COLLATION_CONNECTION */;
/*!40101 SET NAMES utf8mb4 */;

--
-- Database: `dbei_prod`
--

-- --------------------------------------------------------

--
-- Table structure for table `categories`
--

CREATE TABLE `categories` (
  `id` int(11) UNSIGNED NOT NULL,
  `name` varchar(60) NOT NULL,
  `date` date NOT NULL,
  `date_mod` datetime(6) DEFAULT NULL
) ENGINE=InnoDB DEFAULT CHARSET=utf8;

--
-- Dumping data for table `categories`
--

INSERT INTO `categories` (`id`, `name`, `date`, `date_mod`) VALUES
(6, 'BY-PRODUCTS', '0000-00-00', '0000-00-00 00:00:00.000000'),
(7, 'CUT-UPS', '0000-00-00', '0000-00-00 00:00:00.000000'),
(8, 'GIBLETS', '0000-00-00', '0000-00-00 00:00:00.000000'),
(9, 'WHOLES', '0000-00-00', '0000-00-00 00:00:00.000000');

-- --------------------------------------------------------

--
-- Table structure for table `channels`
--

CREATE TABLE `channels` (
  `id` int(11) NOT NULL,
  `name` varchar(200) NOT NULL,
  `date` date NOT NULL,
  `date_mod` datetime(6) DEFAULT NULL
) ENGINE=InnoDB DEFAULT CHARSET=latin1;

--
-- Dumping data for table `channels`
--

INSERT INTO `channels` (`id`, `name`, `date`, `date_mod`) VALUES
(4, 'Wet Market Stall', '0000-00-00', '0000-00-00 00:00:00.000000'),
(5, 'Crispy Chicken', '0000-00-00', '0000-00-00 00:00:00.000000'),
(6, 'Employees', '0000-00-00', '0000-00-00 00:00:00.000000'),
(8, 'BBQ', '0000-00-00', '0000-00-00 00:00:00.000000'),
(9, 'Lechon Manok', '0000-00-00', '0000-00-00 00:00:00.000000'),
(10, 'Meatshops', '0000-00-00', '0000-00-00 00:00:00.000000'),
(11, 'Restaurants', '0000-00-00', '0000-00-00 00:00:00.000000'),
(12, 'Hotels', '0000-00-00', '0000-00-00 00:00:00.000000'),
(13, 'Resorts', '0000-00-00', '0000-00-00 00:00:00.000000'),
(14, 'KVT', '0000-00-00', '0000-00-00 00:00:00.000000'),
(15, 'Talipapa', '0000-00-00', '0000-00-00 00:00:00.000000'),
(16, 'Reseller', '0000-00-00', '0000-00-00 00:00:00.000000'),
(17, 'Carenderia/Eatery', '0000-00-00', '0000-00-00 00:00:00.000000'),
(18, 'Canteens', '0000-00-00', '0000-00-00 00:00:00.000000'),
(19, 'Caterings', '0000-00-00', '0000-00-00 00:00:00.000000'),
(20, 'Bakeshops', '0000-00-00', '0000-00-00 00:00:00.000000'),
(21, 'Sari-Sari Store', '0000-00-00', '0000-00-00 00:00:00.000000'),
(22, 'Grocery', '0000-00-00', '0000-00-00 00:00:00.000000'),
(23, 'Convenience Store', '0000-00-00', '0000-00-00 00:00:00.000000'),
(24, 'Fast Food Chain', '0000-00-00', '0000-00-00 00:00:00.000000'),
(25, 'Non-Traditional', '0000-00-00', '2018-02-14 18:12:09.000000');

-- --------------------------------------------------------

--
-- Table structure for table `codes`
--

CREATE TABLE `codes` (
  `id` int(11) NOT NULL,
  `name` varchar(30) CHARACTER SET utf8 NOT NULL,
  `date` date NOT NULL,
  `date_mod` datetime(6) DEFAULT NULL
) ENGINE=InnoDB DEFAULT CHARSET=latin1;

--
-- Dumping data for table `codes`
--

INSERT INTO `codes` (`id`, `name`, `date`, `date_mod`) VALUES
(3, 'FC1', '0000-00-00', '0000-00-00 00:00:00.000000'),
(4, 'FCA', '0000-00-00', '0000-00-00 00:00:00.000000'),
(5, 'FCB', '0000-00-00', '0000-00-00 00:00:00.000000'),
(6, 'MSC', '0000-00-00', '0000-00-00 00:00:00.000000'),
(7, 'FCS', '0000-00-00', '0000-00-00 00:00:00.000000'),
(8, 'FXL', '0000-00-00', '0000-00-00 00:00:00.000000'),
(9, 'FIR', '0000-00-00', '0000-00-00 00:00:00.000000'),
(10, 'MCU', '0000-00-00', '0000-00-00 00:00:00.000000'),
(11, 'UGZ', '0000-00-00', '0000-00-00 00:00:00.000000'),
(12, 'UDR1', '0000-00-00', '0000-00-00 00:00:00.000000'),
(13, 'CFT', '0000-00-00', '0000-00-00 00:00:00.000000'),
(14, 'CBL', '0000-00-00', '2018-02-16 06:48:18.000000'),
(15, 'FC2', '2018-02-16', '0000-00-00 00:00:00.000000'),
(16, 'PC1', '2018-02-16', '0000-00-00 00:00:00.000000'),
(17, 'ad', '2018-02-16', '0000-00-00 00:00:00.000000');

-- --------------------------------------------------------

--
-- Table structure for table `customers`
--

CREATE TABLE `customers` (
  `id` int(30) NOT NULL,
  `codename` varchar(30) NOT NULL,
  `businessname` varchar(200) NOT NULL,
  `name` varchar(60) NOT NULL,
  `gender` varchar(10) NOT NULL,
  `channels_id` int(11) NOT NULL,
  `balance` varchar(50) NOT NULL,
  `contact` varchar(20) NOT NULL,
  `zipcode` int(30) NOT NULL,
  `street` varchar(50) NOT NULL,
  `brgy` varchar(60) NOT NULL,
  `city` varchar(30) NOT NULL,
  `date` date NOT NULL,
  `date_mod` datetime(6) DEFAULT NULL
) ENGINE=InnoDB DEFAULT CHARSET=latin1;

--
-- Dumping data for table `customers`
--

INSERT INTO `customers` (`id`, `codename`, `businessname`, `name`, `gender`, `channels_id`, `balance`, `contact`, `zipcode`, `street`, `brgy`, `city`, `date`, `date_mod`) VALUES
(10, '1112', 'Analy Galo', 'Analy Galo', 'Female', 5, '0', '0', 0, ' Poblacion', 'Barangay 1', 'Ormoc City', '2018-01-25', '2018-02-14 18:10:54.000000'),
(11, '1123', 'Biz', 'Test Name', 'male', 13, '0', '0', 6000, 'Colon', 'Parian', 'Cebu', '2018-02-18', NULL),
(12, '1234', 'Bixx', 'TestBiz', 'female', 12, '0', '0', 5000, 'HAha', 'Saudi', 'Baybay', '2018-02-18', NULL),
(13, '34535', 'BizNew', 'Test', 'male', 12, '0', '0', 6000, 'sample', 'sample', 'Baybay', '2018-02-18', NULL);

-- --------------------------------------------------------

--
-- Table structure for table `employees`
--

CREATE TABLE `employees` (
  `id` int(11) NOT NULL,
  `name` varchar(100) NOT NULL,
  `age` int(11) NOT NULL,
  `gender` varchar(10) NOT NULL,
  `date` datetime(6) NOT NULL,
  `date_mod` datetime(6) DEFAULT NULL
) ENGINE=InnoDB DEFAULT CHARSET=latin1;

--
-- Dumping data for table `employees`
--

INSERT INTO `employees` (`id`, `name`, `age`, `gender`, `date`, `date_mod`) VALUES
(1, 'JDAC', 0, 'Male', '0000-00-00 00:00:00.000000', '2018-02-16 07:04:43.000000'),
(2, 'TEST', 0, 'Female', '2018-02-15 05:50:54.000000', '2018-02-18 01:55:23.000000'),
(3, 'TEST12', 0, 'Female', '2018-02-15 06:04:52.000000', '2018-02-17 15:43:40.000000'),
(4, 'USER', 0, 'Male', '2018-02-15 12:35:16.000000', '2018-02-17 15:43:22.000000'),
(5, 'R8-ALEX CABARSE', 0, 'male', '2018-02-17 15:40:20.000000', NULL),
(6, 'R5-REYNAN PITUGO', 0, 'male', '2018-02-17 15:40:38.000000', NULL),
(7, 'R4-ISAGANI ARCOSEBA', 0, 'male', '2018-02-17 15:40:50.000000', NULL),
(8, 'R3-JASON MILLANA', 0, 'male', '2018-02-17 15:41:00.000000', NULL),
(9, 'R2-ROBERT ROA', 0, 'male', '2018-02-17 15:41:14.000000', NULL),
(10, 'R1- JENINA GANADO', 0, 'female', '2018-02-17 15:41:53.000000', NULL);

-- --------------------------------------------------------

--
-- Table structure for table `expenses_account`
--

CREATE TABLE `expenses_account` (
  `id` int(11) NOT NULL,
  `name` varchar(200) NOT NULL,
  `date` date NOT NULL,
  `date_mod` datetime(6) DEFAULT NULL
) ENGINE=InnoDB DEFAULT CHARSET=latin1;

--
-- Dumping data for table `expenses_account`
--

INSERT INTO `expenses_account` (`id`, `name`, `date`, `date_mod`) VALUES
(1, 'PT and T', '0000-00-00', '0000-00-00 00:00:00.000000');

-- --------------------------------------------------------

--
-- Table structure for table `expenses_desc`
--

CREATE TABLE `expenses_desc` (
  `id` int(11) NOT NULL,
  `name` varchar(200) NOT NULL,
  `date` date NOT NULL,
  `date_mod` datetime(6) DEFAULT NULL
) ENGINE=InnoDB DEFAULT CHARSET=latin1;

--
-- Dumping data for table `expenses_desc`
--

INSERT INTO `expenses_desc` (`id`, `name`, `date`, `date_mod`) VALUES
(1, 'Fare', '0000-00-00', '2018-02-14 18:30:02.000000');

-- --------------------------------------------------------

--
-- Table structure for table `logs`
--

CREATE TABLE `logs` (
  `id` int(20) NOT NULL,
  `name` varchar(100) NOT NULL,
  `action` varchar(500) NOT NULL,
  `logs_date` datetime(6) NOT NULL
) ENGINE=InnoDB DEFAULT CHARSET=latin1;

--
-- Dumping data for table `logs`
--

INSERT INTO `logs` (`id`, `name`, `action`, `logs_date`) VALUES
(55, 'admin2017', 'Log in', '2018-01-30 20:22:55.000000'),
(56, 'admin2017', 'Log in', '0000-00-00 00:00:00.000000'),
(57, 'admin2017', 'Log in', '0000-00-00 00:00:00.000000'),
(58, 'admin2017', 'Log in', '2018-01-30 20:24:08.000000'),
(59, 'admin2017', 'Log in', '0000-00-00 00:00:00.000000'),
(60, 'admin2017', 'Log in', '2018-01-30 20:25:19.000000'),
(61, 'admin2017', 'Log in', '2018-01-30 20:37:39.000000'),
(62, 'admin2017', 'Log in', '2018-01-31 06:35:16.000000'),
(63, 'admin2017', 'Log in', '2018-01-31 06:51:35.000000'),
(64, 'admin2017', 'Log in', '2018-01-31 07:42:41.000000'),
(65, 'admin2017', 'Log in', '2018-01-31 09:47:25.000000'),
(66, 'admin2017', 'Log in', '2018-01-31 09:51:39.000000'),
(67, 'admin2017', 'Log in', '2018-01-31 10:21:52.000000'),
(68, 'admin2017', 'Log in', '2018-01-31 10:24:12.000000'),
(69, 'admin2017', 'Log in', '2018-01-31 10:33:32.000000'),
(70, 'admin2017', 'Log in', '2018-01-31 10:46:59.000000'),
(71, 'admin2017', 'Log in', '2018-01-31 11:04:14.000000'),
(72, 'admin2017', 'Log in', '2018-01-31 11:30:49.000000'),
(73, 'admin2017', 'Log in', '2018-01-31 12:26:00.000000'),
(74, 'admin2017', 'Log in', '2018-01-31 12:45:28.000000'),
(75, 'admin2017', 'Log in', '2018-01-31 13:21:45.000000'),
(76, 'admin2017', 'Log in', '2018-01-31 13:32:13.000000'),
(77, 'admin2017', 'Log in', '2018-01-31 16:02:52.000000'),
(78, 'admin2017', 'Log in', '2018-01-31 17:51:58.000000'),
(79, 'route1', 'Log in', '2018-01-31 17:53:16.000000'),
(80, 'sales', 'Log in', '2018-01-31 17:53:32.000000'),
(81, 'admin2017', 'Log in', '2018-01-31 17:53:48.000000'),
(82, 'admin2017', 'Log in', '2018-01-31 18:18:02.000000'),
(83, 'admin2017', 'Log in', '2018-01-31 19:55:48.000000'),
(84, 'admin2017', 'Log in', '2018-01-31 19:55:59.000000'),
(85, 'admin2017', 'Log in', '2018-01-31 19:56:11.000000'),
(86, 'admin2017', 'Log in', '2018-01-31 20:04:51.000000'),
(87, 'admin2017', 'Log in', '2018-01-31 20:24:03.000000'),
(88, 'admin2017', 'Log in', '2018-01-31 20:35:10.000000'),
(89, 'admin2017', 'Log in', '2018-02-01 03:02:04.000000'),
(90, 'admin2017', 'Log in', '2018-02-01 04:19:44.000000'),
(91, 'admin2017', 'Log in', '2018-02-01 04:21:57.000000'),
(92, 'admin2017', 'Log in', '1970-01-01 00:00:00.000000'),
(93, 'admin2017', 'Log in', '2018-02-01 00:00:00.000000'),
(94, 'admin2017', 'Log in', '0000-00-00 00:00:00.000000'),
(95, 'admin2017', 'Log in', '2018-02-01 04:26:53.000000'),
(96, 'admin2017', 'Log in', '2018-02-01 07:34:00.000000'),
(97, 'admin2017', 'Log in', '2018-02-01 07:39:48.000000'),
(98, 'admin2017', 'Log in', '2018-02-01 07:43:15.000000'),
(99, 'admin2017', 'Log in', '2018-02-01 17:27:14.000000'),
(100, 'admin2017', 'Log in', '2018-02-01 18:01:47.000000'),
(101, 'admin2017', 'Log in', '2018-02-01 18:09:55.000000'),
(102, 'admin2017', 'Log in', '2018-02-01 18:22:36.000000'),
(103, 'admin2017', 'Log in', '2018-02-01 18:26:03.000000'),
(104, 'admin2017', 'Log in', '2018-02-01 18:28:20.000000'),
(105, 'admin2017', 'Log in', '2018-02-02 13:27:02.000000'),
(106, 'admin2017', 'Log in', '2018-02-02 14:52:12.000000'),
(107, 'admin2017', 'Log in', '2018-02-02 14:59:43.000000'),
(108, 'admin2017', 'Log in', '2018-02-02 15:07:16.000000'),
(109, 'admin2017', 'Log in', '2018-02-02 15:34:40.000000'),
(110, 'admin2017', 'Log in', '2018-02-02 16:00:07.000000'),
(111, 'admin2017', 'Log in', '2018-02-02 16:20:04.000000'),
(112, 'admin2017', 'Log in', '2018-02-03 15:17:42.000000'),
(113, 'admin2017', 'Log in', '2018-02-03 15:24:47.000000'),
(114, 'admin2017', 'Log in', '2018-02-07 16:32:06.000000'),
(115, 'admin2017', 'Log in', '2018-02-07 16:51:45.000000'),
(116, 'admin2017', 'Log in', '2018-02-07 16:57:31.000000'),
(117, 'admin2017', 'Log in', '2018-02-07 16:59:04.000000'),
(118, 'admin2017', 'Log in', '2018-02-07 17:01:58.000000'),
(119, 'admin2017', 'Log in', '2018-02-07 17:06:27.000000'),
(120, 'admin2017', 'Log in', '2018-02-07 17:17:41.000000'),
(121, 'admin2017', 'Log in', '2018-02-07 17:20:11.000000'),
(122, 'admin2017', 'Log in', '2018-02-07 17:23:49.000000'),
(123, 'admin2017', 'Log in', '2018-02-07 17:31:00.000000'),
(124, 'admin2017', 'Log in', '2018-02-07 17:37:38.000000'),
(125, 'admin2017', 'Log in', '2018-02-07 17:41:54.000000'),
(126, 'admin2017', 'Log in', '2018-02-07 17:45:39.000000'),
(127, 'admin2017', 'Log in', '2018-02-07 17:54:46.000000'),
(128, 'admin2017', 'Log in', '2018-02-07 21:57:53.000000'),
(129, 'admin2017', 'Log in', '2018-02-07 22:12:08.000000'),
(130, 'admin2017', 'Log in', '2018-02-07 22:27:08.000000'),
(131, 'admin2017', 'Log in', '2018-02-07 22:29:20.000000'),
(132, 'admin2017', 'Log in', '2018-02-07 22:30:29.000000'),
(133, 'admin2017', 'Log in', '2018-02-07 22:39:18.000000'),
(134, 'admin2017', 'Log in', '2018-02-07 22:44:19.000000'),
(135, 'admin2017', 'Log in', '2018-02-08 04:19:06.000000'),
(136, 'admin2017', 'Log in', '2018-02-08 04:29:21.000000'),
(137, 'admin2017', 'Log in', '2018-02-08 04:38:00.000000'),
(138, 'admin2017', 'Log in', '2018-02-08 04:56:16.000000'),
(139, 'admin2017', 'Log in', '2018-02-08 05:43:53.000000'),
(140, 'admin2017', 'Log in', '2018-02-08 05:47:21.000000'),
(141, 'admin2017', 'Log in', '2018-02-08 05:48:24.000000'),
(142, 'admin2017', 'Log in', '2018-02-08 05:50:02.000000'),
(143, 'admin2017', 'Log in', '2018-02-08 05:51:57.000000'),
(144, 'admin2017', 'Log in', '2018-02-08 05:55:00.000000'),
(145, 'admin2017', 'Log in', '2018-02-08 05:55:07.000000'),
(146, 'admin2017', 'Log in', '2018-02-08 06:05:06.000000'),
(147, 'admin2017', 'Log in', '2018-02-08 06:07:06.000000'),
(148, 'admin2017', 'Log in', '2018-02-08 06:07:54.000000'),
(149, 'admin2017', 'Log in', '2018-02-08 06:08:31.000000'),
(150, 'admin2017', 'Log in', '2018-02-08 06:08:37.000000'),
(151, 'admin2017', 'Log in', '2018-02-08 06:08:41.000000'),
(152, 'admin2017', 'Log in', '2018-02-08 06:09:57.000000'),
(153, 'admin2017', 'Log in', '2018-02-08 06:10:11.000000'),
(154, 'admin2017', 'Log in', '2018-02-08 07:17:28.000000'),
(155, 'admin2017', 'Log in', '2018-02-08 08:26:52.000000'),
(156, 'admin2017', 'Log in', '2018-02-08 09:06:28.000000'),
(157, 'admin2017', 'Log in', '2018-02-08 13:00:48.000000'),
(158, 'admin2017', 'Log in', '2018-02-08 16:16:25.000000'),
(159, 'admin2017', 'Log in', '2018-02-08 16:50:52.000000'),
(160, 'admin2017', 'Log in', '2018-02-08 16:53:04.000000'),
(161, '3admin2017', 'Log in', '2018-02-08 16:56:25.000000'),
(162, 'admin2017', 'Log in', '2018-02-08 16:56:27.000000'),
(163, 'admin2017', 'Log in', '2018-02-08 17:39:29.000000'),
(164, 'admin2017', 'Log in', '2018-02-08 18:42:42.000000'),
(165, 'admin2017', 'Log in', '2018-02-08 18:46:05.000000'),
(166, 'admin2017', 'Log in', '2018-02-08 18:55:16.000000'),
(167, 'admin2017', 'Log in', '2018-02-08 19:04:23.000000'),
(168, 'admin2017', 'Log in', '2018-02-08 19:09:25.000000'),
(169, 'admin2017', 'Log in', '2018-02-08 19:09:33.000000'),
(170, 'admin2017', 'Log in', '2018-02-08 19:11:44.000000'),
(171, 'admin2017', 'Log in', '2018-02-08 19:24:46.000000'),
(172, 'admin2017', 'Log in', '2018-02-08 19:36:04.000000'),
(173, 'admin2017', 'Log in', '2018-02-08 19:41:37.000000'),
(174, 'admin2017', 'Log in', '2018-02-08 20:05:19.000000'),
(175, 'admin2017', 'Log in', '2018-02-08 20:08:40.000000'),
(176, 'admin2017', 'Log in', '2018-02-08 20:16:46.000000'),
(177, 'admin2017', 'Log in', '2018-02-08 20:32:24.000000'),
(178, 'admin2017', 'Log in', '2018-02-08 20:34:46.000000'),
(179, 'admin2017', 'Log in', '2018-02-08 20:34:55.000000'),
(180, 'admin2017', 'Log in', '2018-02-08 20:43:30.000000'),
(181, 'admin2017', 'Log in', '2018-02-08 20:46:42.000000'),
(182, 'admin2017', 'Log in', '2018-02-08 20:48:29.000000'),
(183, 'admin2017', 'Log in', '2018-02-08 20:49:58.000000'),
(184, 'admin2017', 'Log in', '2018-02-08 20:51:42.000000'),
(185, 'admin2017', 'Log in', '2018-02-08 20:52:23.000000'),
(186, 'admin2017', 'Log in', '2018-02-08 20:52:33.000000'),
(187, 'admin2017', 'Log in', '2018-02-08 20:52:48.000000'),
(188, 'admin2017', 'Log in', '2018-02-08 20:55:03.000000'),
(189, 'admin2017', 'Log in', '2018-02-09 07:10:15.000000'),
(190, 'admin2017', 'Log in', '2018-02-09 07:26:45.000000'),
(191, 'admin2017', 'Log in', '2018-02-09 07:33:09.000000'),
(192, 'admin2017', 'Log in', '2018-02-09 07:44:32.000000'),
(193, 'admin2017', 'Log in', '2018-02-09 07:47:04.000000'),
(194, 'admin2017', 'Log in', '2018-02-09 14:10:44.000000'),
(195, 'admin2017', 'Log in', '2018-02-09 14:54:42.000000'),
(196, 'admin2017', 'Log in', '2018-02-09 15:04:10.000000'),
(197, 'admin2017', 'Log in', '2018-02-09 15:17:29.000000'),
(198, 'admin2017', 'Log in', '2018-02-09 16:25:47.000000'),
(199, 'admin2017', 'Log in', '2018-02-09 17:01:14.000000'),
(200, 'admin2017', 'Log in', '2018-02-10 03:53:06.000000'),
(201, 'admin2017', 'Log in', '2018-02-10 04:00:03.000000'),
(202, 'admin2017', 'Log in', '2018-02-10 04:12:37.000000'),
(203, 'admin2017', 'Log in', '2018-02-10 04:20:15.000000'),
(204, 'admin2017', 'Log in', '2018-02-10 04:29:22.000000'),
(205, 'admin2017', 'Log in', '2018-02-10 04:33:00.000000'),
(206, 'admin2017', 'Log in', '2018-02-10 05:30:19.000000'),
(207, 'admin2017', 'Log in', '2018-02-10 09:07:32.000000'),
(208, 'admin2017', 'Log in', '2018-02-10 09:09:58.000000'),
(209, 'admin2017', 'Log in', '2018-02-10 12:29:32.000000'),
(210, 'admin2017', 'Log in', '2018-02-10 13:03:48.000000'),
(211, 'admin2017', 'Log in', '2018-02-10 13:44:57.000000'),
(212, 'admin2017', 'Log in', '2018-02-10 15:06:51.000000'),
(213, 'admin2017', 'Log in', '2018-02-10 15:09:52.000000'),
(214, 'admin2017', 'Log in', '2018-02-10 15:19:11.000000'),
(215, 'admin2017', 'Log in', '2018-02-10 16:55:59.000000'),
(216, 'admin2017', 'Log in', '2018-02-10 17:18:55.000000'),
(217, 'admin2017', 'Log in', '2018-02-10 17:25:05.000000'),
(218, 'admin2017', 'Log in', '2018-02-10 17:27:33.000000'),
(219, 'admin2017', 'Log in', '2018-02-10 17:41:32.000000'),
(220, 'admin2017', 'Log in', '2018-02-10 17:48:56.000000'),
(221, 'admin2017', 'Log in', '2018-02-10 17:55:30.000000'),
(222, 'admin2017', 'Log in', '2018-02-10 19:28:50.000000'),
(223, 'admin2017', 'Log in', '2018-02-12 10:08:19.000000'),
(224, 'admin2017', 'Log in', '2018-02-12 12:14:29.000000'),
(225, 'admin2017', 'Log in', '2018-02-12 12:22:49.000000'),
(226, 'admin2017', 'Log in', '2018-02-12 13:13:22.000000'),
(227, 'admin2017', 'Log in', '2018-02-12 15:34:58.000000'),
(228, 'admin2017', 'Log in', '2018-02-12 15:47:58.000000'),
(229, 'admin2017', 'Log in', '2018-02-12 16:30:46.000000'),
(230, 'admin2017', 'Log in', '2018-02-12 17:00:11.000000'),
(231, 'admin2017', 'Log in', '2018-02-13 04:36:58.000000'),
(232, 'admin2017', 'Log in', '2018-02-13 04:37:21.000000'),
(233, 'admin2017', 'Log in', '2018-02-13 04:47:43.000000'),
(234, 'admin2017', 'Log in', '2018-02-13 04:59:11.000000'),
(235, 'admin2017', 'Log in', '2018-02-13 05:02:55.000000'),
(236, 'admin2017', 'Log in', '2018-02-13 05:06:07.000000'),
(237, 'admin2017', 'Log in', '2018-02-13 05:43:50.000000'),
(238, 'admin2017', 'Log in', '2018-02-13 12:40:13.000000'),
(239, 'admin2017', 'Log in', '2018-02-13 14:02:49.000000'),
(240, 'admin2017', 'Log in', '2018-02-13 17:16:55.000000'),
(241, 'admin2017', 'Log in', '2018-02-13 22:08:31.000000'),
(242, 'admin2017', 'Log in', '2018-02-13 22:14:44.000000'),
(243, 'admin2017', 'Log in', '2018-02-13 22:16:35.000000'),
(244, 'admin2017', 'Log in', '2018-02-13 22:18:58.000000'),
(245, '', 'Log in', '2018-02-13 22:57:09.000000'),
(246, '', 'Log in', '2018-02-13 22:57:20.000000'),
(247, 'admin2017', 'Log in', '2018-02-13 22:57:42.000000'),
(248, 'admin2017', 'Log in', '2018-02-13 23:03:49.000000'),
(249, 'admin2017', 'Log in', '2018-02-13 23:10:18.000000'),
(250, 'admin2017', 'Log in', '2018-02-13 23:17:32.000000'),
(251, 'admin2017', 'Log in', '2018-02-13 23:39:45.000000'),
(252, 'admin2017', 'Log in', '2018-02-14 00:00:04.000000'),
(253, 'admin2017', 'Log in', '2018-02-14 00:04:48.000000'),
(254, 'admin2017', 'Log in', '2018-02-14 00:10:23.000000'),
(255, 'admin2017', 'Log in', '2018-02-14 00:47:03.000000'),
(256, 'admin2017', 'Log in', '2018-02-14 00:52:50.000000'),
(257, 'admin2017', 'Log in', '2018-02-14 00:58:40.000000'),
(258, 'admin2017', 'Log in', '2018-02-14 01:09:35.000000'),
(259, 'admin2017', 'Log in', '2018-02-14 01:18:52.000000'),
(260, 'admin2017', 'Log in', '2018-02-14 01:22:01.000000'),
(261, 'admin2017', 'Log in', '2018-02-14 01:29:17.000000'),
(262, 'admin2017', 'Log in', '2018-02-14 02:20:38.000000'),
(263, 'admin2017', 'Log in', '2018-02-14 02:22:58.000000'),
(264, 'admin2017', 'Log in', '2018-02-14 15:19:02.000000'),
(265, 'admin2017', 'Log in', '2018-02-14 15:22:06.000000'),
(266, 'admin2017', 'Log in', '2018-02-14 15:31:10.000000'),
(267, 'admin2017', 'Log in', '2018-02-14 16:20:29.000000'),
(268, 'admin2017', 'Log in', '2018-02-14 16:25:56.000000'),
(269, 'admin2017', 'Log in', '2018-02-14 16:28:21.000000'),
(270, 'admin2017', 'Log in', '2018-02-14 17:52:00.000000'),
(271, 'admin2017', 'Log in', '2018-02-14 17:52:20.000000'),
(272, 'admin2017', 'Log in', '2018-02-14 17:58:40.000000'),
(273, 'admin2017', 'Log in', '2018-02-14 18:18:31.000000'),
(274, 'admin2017', 'Log in', '2018-02-14 18:37:12.000000'),
(275, 'admin2017', 'Log in', '2018-02-14 18:41:18.000000'),
(276, 'admin2017', 'Log in', '2018-02-14 20:10:55.000000'),
(277, 'admin2017', 'Log in', '2018-02-14 20:20:59.000000'),
(278, 'admin2017', 'Log in', '2018-02-14 20:29:11.000000'),
(279, 'admin2017', 'Log in', '2018-02-14 21:30:02.000000'),
(280, 'admin2017', 'Log in', '2018-02-14 21:33:11.000000'),
(281, 'admin2017', 'Log in', '2018-02-14 21:47:48.000000'),
(282, 'admin2017', 'Log in', '2018-02-14 21:56:24.000000'),
(283, 'admin2017', 'Log in', '2018-02-14 22:12:08.000000'),
(284, 'admin2017', 'Log in', '2018-02-14 22:14:28.000000'),
(285, 'admin2017', 'Log in', '2018-02-14 22:18:59.000000'),
(286, 'admin2017', 'Log in', '2018-02-14 22:22:24.000000'),
(287, 'admin2017', 'Log in', '2018-02-14 22:25:50.000000'),
(288, 'admin2017', 'Log in', '2018-02-14 22:34:46.000000'),
(289, 'admin2017', 'Log in', '2018-02-14 22:38:12.000000'),
(290, 'admin2017', 'Log in', '2018-02-14 23:00:46.000000'),
(291, 'admin2017', 'Log in', '2018-02-14 23:04:17.000000'),
(292, 'admin2017', 'Log in', '2018-02-14 23:09:51.000000'),
(293, 'admin2017', 'Log in', '2018-02-14 23:12:07.000000'),
(294, 'admin2017', 'Log in', '2018-02-14 23:17:47.000000'),
(295, 'admin2017', 'Log in', '2018-02-14 23:24:03.000000'),
(296, 'admin2017', 'Log in', '2018-02-14 23:46:09.000000'),
(297, 'admin2017', 'Log in', '2018-02-15 04:52:59.000000'),
(298, 'admin2017', 'Log in', '2018-02-15 05:13:54.000000'),
(299, 'admin2017', 'Log in', '2018-02-15 05:20:29.000000'),
(300, 'admin2017', 'Log in', '2018-02-15 05:50:43.000000'),
(301, 'admin2017', 'Log in', '2018-02-15 05:58:48.000000'),
(302, 'admin2017', 'Log in', '2018-02-15 06:22:33.000000'),
(303, 'admin2017', 'Log in', '2018-02-15 06:25:40.000000'),
(304, 'admin2017', 'Log in', '2018-02-15 06:36:40.000000'),
(305, 'admin2017', 'Log in', '2018-02-15 06:47:50.000000'),
(306, 'admin2017', 'Log in', '2018-02-15 12:19:34.000000'),
(307, 'admin2017', 'Log in', '2018-02-15 12:25:29.000000'),
(308, 'admin2017', 'Log in', '2018-02-15 12:32:02.000000'),
(309, 'test', 'Log in', '2018-02-15 12:37:46.000000'),
(310, 'admin2017', 'Log in', '2018-02-15 12:37:58.000000'),
(311, 'admin2017', 'Log in', '2018-02-15 12:40:11.000000'),
(312, 'admin2017', 'Log in', '2018-02-15 12:50:42.000000'),
(313, 'admin2017', 'Log in', '2018-02-15 12:56:42.000000'),
(314, 'admin2017', 'Log in', '2018-02-15 13:04:10.000000'),
(315, 'admin2017', 'Log in', '2018-02-15 13:11:55.000000'),
(316, 'test', 'Log in', '2018-02-15 13:20:38.000000'),
(317, 'test', 'Log in', '2018-02-15 13:21:05.000000'),
(318, 'test', 'Log in', '2018-02-15 13:21:19.000000'),
(319, 'test', 'Log in', '2018-02-15 13:21:38.000000'),
(320, 'Test', 'Log in', '2018-02-15 13:21:45.000000'),
(321, 'test', 'Log in', '2018-02-15 13:21:57.000000'),
(322, 'admin2017', 'Log in', '2018-02-15 13:21:59.000000'),
(323, 'admin2017', 'Log in', '2018-02-15 13:34:34.000000'),
(324, 'admin2017', 'Log in', '2018-02-15 13:36:50.000000'),
(325, 'admin2017', 'Log in', '2018-02-15 13:38:16.000000'),
(326, 'admin2017', 'Log in', '2018-02-15 13:42:14.000000'),
(327, 'admin2017', 'Log in', '2018-02-15 13:45:02.000000'),
(328, 'admin2017', 'Log in', '2018-02-15 14:16:47.000000'),
(329, 'admin2017', 'Log in', '2018-02-15 14:28:38.000000'),
(330, 'admin2017', 'Log in', '2018-02-15 15:45:21.000000'),
(331, 'admin2017', 'Log in', '2018-02-15 15:48:42.000000'),
(332, 'Test', 'Log in', '2018-02-15 18:23:47.000000'),
(333, 'admin2017', 'Log in', '2018-02-15 18:23:58.000000'),
(334, 'admin2017', 'Log in', '2018-02-15 18:28:15.000000'),
(335, 'admin2017', 'Log in', '2018-02-15 18:31:14.000000'),
(336, 'admin2017', 'Log in', '2018-02-15 19:53:45.000000'),
(337, 'admin2017', 'Log in', '2018-02-15 20:10:41.000000'),
(338, 'admin2017', 'Log in', '2018-02-15 20:41:32.000000'),
(339, 'admin2017', 'Log in', '2018-02-15 21:24:35.000000'),
(340, 'admin2017', 'Log in', '2018-02-15 21:24:39.000000'),
(341, 'admin2017', 'Log in', '2018-02-15 21:24:45.000000'),
(342, 'admin2017', 'Log in', '2018-02-15 21:41:37.000000'),
(343, 'admin2017', 'Log in', '2018-02-15 21:43:12.000000'),
(344, 'admin2017', 'Log in', '2018-02-15 21:43:19.000000'),
(345, 'admin2017', 'Log in', '2018-02-15 21:46:25.000000'),
(346, 'admin2017', 'Log in', '2018-02-15 21:47:01.000000'),
(347, 'admin2017', 'Log in', '2018-02-15 21:59:03.000000'),
(348, 'admin2017', 'Log in', '2018-02-15 22:04:08.000000'),
(349, 'admin2017', 'Log in', '2018-02-15 22:11:02.000000'),
(350, 'admin2017', 'Log in', '2018-02-15 22:13:50.000000'),
(351, 'admin2017', 'Log in', '2018-02-15 22:19:38.000000'),
(352, 'admin2017', 'Log in', '2018-02-15 22:22:13.000000'),
(353, 'admin2017', 'Log in', '2018-02-15 23:41:15.000000'),
(354, 'admin2017', 'Log in', '2018-02-15 23:41:28.000000'),
(355, 'admin2017', 'Log in', '2018-02-15 23:44:00.000000'),
(356, 'admin2017', 'Log in', '2018-02-15 23:48:54.000000'),
(357, 'admin2017', 'Log in', '2018-02-15 23:53:47.000000'),
(358, '', 'Log in', '2018-02-16 00:04:58.000000'),
(359, 'admin2017', 'Log in', '2018-02-16 00:09:25.000000'),
(360, 'admin2017', 'Log in', '2018-02-16 00:09:31.000000'),
(361, 'admin2017', 'Log in', '2018-02-16 00:14:13.000000'),
(362, '', 'Log in', '2018-02-16 00:15:18.000000'),
(363, 'admin2017', 'Log in', '2018-02-16 00:15:23.000000'),
(364, 'admin2017', 'Log in', '2018-02-16 00:22:29.000000'),
(365, 'admin2017', 'Log in', '2018-02-16 00:37:48.000000'),
(366, 'admin2017', 'Log in', '2018-02-16 00:42:40.000000'),
(367, 'admin2017', 'Log in', '2018-02-16 01:45:41.000000'),
(368, 'admin2017', 'Log in', '2018-02-16 01:57:39.000000'),
(369, 'admin2017', 'Log in', '2018-02-16 02:10:33.000000'),
(370, 'admin2017', 'Log in', '2018-02-16 02:17:45.000000'),
(371, 'admin2017', 'Log in', '2018-02-16 04:55:21.000000'),
(372, 'admin2017', 'Log in', '2018-02-16 04:56:56.000000'),
(373, 'admin2017', 'Log in', '2018-02-16 05:00:09.000000'),
(374, 'admin2017', 'Log in', '2018-02-16 05:00:46.000000'),
(375, 'admin2017', 'Log in', '2018-02-16 05:03:49.000000'),
(376, 'admin2017', 'Log in', '2018-02-16 05:04:10.000000'),
(377, 'admin2017', 'Log in', '2018-02-16 05:04:51.000000'),
(378, 'admin2017', 'Log in', '2018-02-16 05:49:07.000000'),
(379, 'admin2017', 'Log in', '2018-02-16 05:49:15.000000'),
(380, 'admin2017', 'Log in', '2018-02-16 05:56:16.000000'),
(381, 'admin2017', 'Log in', '2018-02-16 05:56:29.000000'),
(382, 'admin2017', 'Log in', '2018-02-16 06:43:56.000000'),
(383, 'admin2017', 'Log in', '2018-02-16 06:44:02.000000'),
(384, 'admin2017', 'Log in', '2018-02-16 06:57:12.000000'),
(385, 'admin2017', 'Log in', '2018-02-16 07:01:43.000000'),
(386, '', 'Log in', '2018-02-16 07:29:24.000000'),
(387, 'admin2017', 'Log in', '2018-02-16 07:29:30.000000'),
(388, 'admin2017', 'Log in', '2018-02-16 07:35:47.000000'),
(389, 'admin2017', 'Log in', '2018-02-16 07:47:43.000000'),
(390, 'admin2017', 'Log in', '2018-02-16 07:48:59.000000'),
(391, 'admin2017', 'Log in', '2018-02-16 13:34:28.000000'),
(392, 'admin2017', 'Log in', '2018-02-16 13:51:26.000000'),
(393, 'admin2017', 'Log in', '2018-02-16 16:41:51.000000'),
(394, 'admin2017', 'Log in', '2018-02-16 16:48:40.000000'),
(395, 'admin2017', 'Log in', '2018-02-16 16:49:11.000000'),
(396, 'admin2017', 'Log in', '2018-02-16 16:49:20.000000'),
(397, 'admin2017', 'Log in', '2018-02-16 19:46:37.000000'),
(398, 'admin2017', 'Log in', '2018-02-16 19:46:43.000000'),
(399, 'admin2017', 'Log in', '2018-02-17 00:20:37.000000'),
(400, 'admin2017', 'Log in', '2018-02-17 00:20:40.000000'),
(401, 'admin2017', 'Log in', '2018-02-17 00:54:26.000000'),
(402, 'admin2017', 'Log in', '2018-02-17 00:54:28.000000'),
(403, 'admin2017', 'Log in', '2018-02-17 01:02:53.000000'),
(404, 'admin2017', 'Log in', '2018-02-17 01:08:59.000000'),
(405, 'admin2017', 'Log in', '2018-02-17 01:09:01.000000'),
(406, 'admin2017', 'Log in', '2018-02-17 01:32:32.000000'),
(407, 'admin2017', 'Log in', '2018-02-17 01:32:39.000000'),
(408, 'admin201', 'Log in', '2018-02-17 01:59:32.000000'),
(409, 'admin2017', 'Log in', '2018-02-17 01:59:35.000000'),
(410, 'admin2017', 'Log in', '2018-02-17 01:59:42.000000'),
(411, 'admin201', 'Log in', '2018-02-17 01:59:46.000000'),
(412, 'Test', 'Log in', '2018-02-17 01:59:52.000000'),
(413, 'admin2017', 'Log in', '2018-02-17 02:00:29.000000'),
(414, 'admin2017', 'Log in', '2018-02-17 02:01:09.000000'),
(415, 'admin2017', 'Log in', '2018-02-17 02:03:25.000000'),
(416, 'admin2017', 'Log in', '2018-02-17 02:08:48.000000'),
(417, 'admin2017', 'Log in', '2018-02-17 02:09:15.000000'),
(418, 'admin2017', 'Log in', '2018-02-17 02:10:42.000000'),
(419, 'admin2017', 'Log in', '2018-02-17 02:10:48.000000'),
(420, 'admin2017', 'Log in', '2018-02-17 02:13:02.000000'),
(421, 'admin2017', 'Log in', '2018-02-17 02:13:26.000000'),
(422, 'admin2017', 'Log in', '2018-02-17 02:14:42.000000'),
(423, 'admin2017', 'Log in', '2018-02-17 02:14:57.000000'),
(424, 'admin2017', 'Log in', '2018-02-17 02:15:09.000000'),
(425, 'admin2017', 'Log in', '2018-02-17 02:15:14.000000'),
(426, 'admin2017', 'Log in', '2018-02-17 02:15:27.000000'),
(427, 'admin2017', 'Log in', '2018-02-17 02:15:40.000000'),
(428, 'admin2017', 'Log in', '2018-02-17 02:16:04.000000'),
(429, 'admin2017', 'Log in', '2018-02-17 02:16:27.000000'),
(430, 'admin2017', 'Log in', '2018-02-17 02:16:45.000000'),
(431, 'admin2017', 'Log in', '2018-02-17 02:17:07.000000'),
(432, 'admin2017', 'Log in', '2018-02-17 02:18:09.000000'),
(433, 'admin2017', 'Log in', '2018-02-17 02:24:07.000000'),
(434, 'admin2017', 'Log in', '2018-02-17 02:40:19.000000'),
(435, 'admin2017km', 'Log in', '2018-02-17 02:40:30.000000'),
(436, 'admin2017', 'Log in', '2018-02-17 02:40:33.000000'),
(437, 'admin2017', 'Log in', '2018-02-17 02:41:27.000000'),
(438, 'admin2017', 'Log in', '2018-02-17 13:23:00.000000'),
(439, 'admin2017', 'Log in', '2018-02-17 13:23:02.000000'),
(440, 'admin2017', 'Log in', '2018-02-17 13:29:51.000000'),
(441, 'admin2017', 'Log in', '2018-02-17 13:29:54.000000'),
(442, 'route1', 'Log in', '2018-02-17 13:30:26.000000'),
(443, 'admin2017', 'Log in', '2018-02-17 13:30:45.000000'),
(444, 'route1', 'Log in', '2018-02-17 13:32:21.000000'),
(445, 'admin2017', 'Log in', '2018-02-17 13:39:53.000000'),
(446, 'admin2017', 'Log in', '2018-02-17 13:41:52.000000'),
(447, 'route1', 'Log in', '2018-02-17 13:42:41.000000'),
(448, 'admin2017', 'Log in', '2018-02-17 13:46:38.000000'),
(449, 'admin2017', 'Log in', '2018-02-17 13:52:12.000000'),
(450, 'admin2017', 'Log in', '2018-02-17 14:07:55.000000'),
(451, '2Q VBadmin2017', 'Log in', '2018-02-17 14:07:57.000000'),
(452, '2Q VB?  admin2017', 'Log in', '2018-02-17 14:07:59.000000'),
(453, 'admin2017', 'Log in', '2018-02-17 14:31:54.000000'),
(454, 'admin2017', 'Log in', '2018-02-17 15:38:44.000000'),
(455, 'admin2017', 'Log in', '2018-02-17 19:32:36.000000'),
(456, 'admin2017', 'Log in', '2018-02-17 19:40:21.000000'),
(457, 'admin2017', 'Log in', '2018-02-17 19:40:23.000000'),
(458, 'admin2017', 'Log in', '2018-02-17 19:45:46.000000'),
(459, 'admin2017', 'Log in', '2018-02-17 19:50:25.000000'),
(460, 'admin2017', 'Log in', '2018-02-17 19:54:42.000000'),
(461, 'admin2017', 'Log in', '2018-02-17 19:57:28.000000'),
(462, 'admin2017', 'Log in', '2018-02-17 20:00:59.000000'),
(463, 'admin2017', 'Log in', '2018-02-17 20:04:33.000000'),
(464, 'admin2017', 'Log in', '2018-02-18 00:17:39.000000'),
(465, 'admin2017', 'Log in', '2018-02-18 00:23:01.000000'),
(466, 'admin2017', 'Log in', '2018-02-18 00:27:26.000000'),
(467, 'admin2017', 'Log in', '2018-02-18 01:30:31.000000'),
(468, 'admin2017', 'Log in', '2018-02-18 01:34:38.000000'),
(469, 'r1', 'Log in', '2018-02-18 01:56:14.000000'),
(470, 'admin2017', 'Log in', '2018-02-18 01:57:35.000000'),
(471, 'admin2017', 'Log in', '2018-02-18 02:01:51.000000'),
(472, 'admin2017', 'Log in', '2018-02-18 02:07:30.000000'),
(473, 'admin2017', 'Log in', '2018-02-18 02:10:27.000000'),
(474, 'admin2017', 'Log in', '2018-02-18 02:22:42.000000'),
(475, 'admin2017', 'Log in', '2018-02-18 11:22:24.000000'),
(476, 'admin2017', 'Log in', '2018-02-18 11:47:25.000000'),
(477, 'admin2017', 'Log in', '2018-02-18 12:33:37.000000'),
(478, 'admin2017', 'Log in', '2018-02-18 12:42:25.000000'),
(479, 'admin2017', 'Log in', '2018-02-18 13:36:44.000000'),
(480, 'admin2017', 'Log in', '2018-02-18 13:40:33.000000'),
(481, 'admin2017', 'Log in', '2018-02-18 13:58:17.000000'),
(482, 'admin2017', 'Log in', '2018-02-18 14:06:27.000000'),
(483, 'admin2017', 'Log in', '2018-02-18 14:17:07.000000'),
(484, 'admin2017', 'Log in', '2018-02-18 14:21:25.000000'),
(485, 'admin2017', 'Log in', '2018-02-18 14:24:43.000000'),
(486, 'admin2017', 'Log in', '2018-02-18 14:27:35.000000'),
(487, 'admin2017', 'Log in', '2018-02-18 14:38:02.000000'),
(488, 'admin2017', 'Log in', '2018-02-18 18:55:26.000000'),
(489, 'admin2017', 'Log in', '2018-02-18 18:55:38.000000'),
(490, 'admin2017', 'Log in', '2018-02-18 20:45:24.000000'),
(491, 'admin2017', 'Log in', '2018-02-18 20:51:27.000000'),
(492, 'admin2017', 'Log in', '2018-02-19 00:43:58.000000'),
(493, 'admin2017', 'Log in', '2018-02-19 00:56:24.000000'),
(494, 'admin2017', 'Log in', '2018-02-19 00:56:25.000000'),
(495, 'admin2017', 'Log in', '2018-02-19 00:56:32.000000'),
(496, 'admin2017', 'Log in', '2018-02-19 00:56:37.000000'),
(497, 'admin2017', 'Log in', '2018-02-19 00:56:46.000000'),
(498, 'admin2017', 'Log in', '2018-02-19 00:56:54.000000'),
(499, 'admin2017', 'Log in', '2018-02-19 01:15:33.000000'),
(500, 'admin2017', 'Log in', '2018-02-19 01:15:49.000000'),
(501, 'admin2017', 'Log in', '2018-02-19 11:14:21.000000'),
(502, 'r1', 'Log in', '2018-02-19 11:18:54.000000'),
(503, 'admin2017', 'Log in', '2018-02-19 11:23:52.000000'),
(504, 'r1', 'Log in', '2018-02-19 11:24:14.000000'),
(505, 'admin2017', 'Log in', '2018-02-19 11:24:47.000000'),
(506, 'admin2017', 'Log in', '2018-02-19 11:25:06.000000'),
(507, 'admin2017', 'Log in', '2018-02-19 11:26:01.000000'),
(508, 'routeone', 'Log in', '2018-02-19 11:26:31.000000'),
(509, 'admin2017', 'Log in', '2018-02-19 11:27:45.000000'),
(510, 'routeone', 'Log in', '2018-02-19 11:28:21.000000'),
(511, 'admin2017', 'Log in', '2018-02-19 11:28:38.000000'),
(512, 'routeone', 'Log in', '2018-02-19 11:30:19.000000'),
(513, 'routeone', 'Log in', '2018-02-19 11:31:41.000000'),
(514, 'routeone', 'Log in', '2018-02-19 11:37:56.000000'),
(515, 'admin2017', 'Log in', '2018-02-19 11:42:44.000000'),
(516, 'routeone', 'Log in', '2018-02-19 11:44:18.000000'),
(517, 'admin2017', 'Log in', '2018-02-19 11:44:24.000000'),
(518, 'admin2017', 'Log in', '2018-02-20 04:38:36.000000'),
(519, 'admin2017', 'Log in', '2018-02-20 14:50:47.000000'),
(520, 'admin2017', 'Log in', '2018-02-20 14:50:55.000000'),
(521, 'admin2017', 'Log in', '2018-02-20 15:07:14.000000'),
(522, '', 'Log in', '2018-02-20 15:09:07.000000'),
(523, 'admin2017', 'Log in', '2018-02-20 15:09:09.000000'),
(524, 'admin2017', 'Log in', '2018-02-20 15:11:18.000000'),
(525, 'admin2017', 'Log in', '2018-02-20 15:26:19.000000'),
(526, 'admin2017', 'Log in', '2018-02-20 15:30:21.000000'),
(527, 'admin2017', 'Log in', '2018-02-20 15:52:28.000000'),
(528, 'admin2017', 'Log in', '2018-02-20 15:52:31.000000'),
(529, 'admin2017', 'Log in', '2018-02-20 16:19:06.000000'),
(530, 'admin2017', 'Log in', '2018-02-20 17:18:29.000000'),
(531, 'admin2017', 'Log in', '2018-02-20 17:21:01.000000'),
(532, 'admin2017', 'Log in', '2018-02-20 17:31:20.000000'),
(533, 'admin2017', 'Log in', '2018-02-21 00:07:38.000000'),
(534, '', 'Log in', '2018-02-21 00:20:03.000000'),
(535, 'admin2017', 'Log in', '2018-02-21 00:20:11.000000'),
(536, 'admin2017', 'Log in', '2018-02-21 00:21:19.000000'),
(537, 'admin2017', 'Log in', '2018-02-21 01:02:30.000000'),
(538, 'admin2017', 'Log in', '2018-02-21 02:25:04.000000'),
(539, 'admin2017', 'Log in', '2018-02-21 02:39:23.000000'),
(540, 'admin2017', 'Log in', '2018-02-21 03:22:02.000000'),
(541, 'Routeone', 'Log in', '2018-02-21 05:47:42.000000'),
(542, 'admin2017', 'Log in', '2018-02-21 05:48:38.000000'),
(543, 'admin2017', 'Log in', '2018-02-21 14:47:23.000000'),
(544, 'admin2017', 'Log in', '2018-02-21 14:53:32.000000'),
(545, 'admin2017', 'Log in', '2018-02-21 14:56:24.000000'),
(546, 'admin2017', 'Log in', '2018-02-21 15:00:14.000000'),
(547, 'admin2017', 'Log in', '2018-02-21 15:04:29.000000'),
(548, 'admin2017', 'Log in', '2018-02-21 15:24:12.000000'),
(549, 'admin2017', 'Log in', '2018-02-21 16:02:27.000000'),
(550, 'admin2017', 'Log in', '2018-02-21 16:02:30.000000'),
(551, 'admin2017', 'Log in', '2018-02-22 03:00:08.000000'),
(552, 'admin2017', 'Log in', '2018-02-22 03:00:13.000000'),
(553, 'admin2017', 'Log in', '2018-02-22 03:14:42.000000'),
(554, 'admin2017', 'Log in', '2018-02-22 03:14:42.000000'),
(555, 'admin2017', 'Log in', '2018-02-22 03:18:21.000000'),
(556, 'admin2017', 'Log in', '2018-02-22 03:31:35.000000'),
(557, 'admin2017', 'Log in', '2018-02-22 05:44:53.000000'),
(558, 'admin2017', 'Log in', '2018-02-22 13:28:28.000000'),
(559, 'admin2017', 'Log in', '2018-02-22 13:28:31.000000'),
(560, 'admin2017', 'Log in', '2018-02-22 13:40:03.000000'),
(561, 'admin2017', 'Log in', '2018-02-22 13:40:05.000000'),
(562, 'admin2017', 'Log in', '2018-02-22 13:40:22.000000'),
(563, 'admin2017', 'Log in', '2018-02-22 13:48:26.000000'),
(564, 'admin2017', 'Log in', '2018-02-22 13:48:29.000000'),
(565, 'admin2017', 'Log in', '2018-02-22 13:52:35.000000'),
(566, 'admin2017', 'Log in', '2018-02-22 15:18:58.000000'),
(567, 'admin2017', 'Log in', '2018-02-22 15:19:40.000000'),
(568, 'admin2017', 'Log in', '2018-02-22 15:22:04.000000'),
(569, 'admin2017', 'Log in', '2018-02-22 15:31:00.000000'),
(570, 'admin2017', 'Log in', '2018-02-22 15:34:59.000000'),
(571, 'admin2017', 'Log in', '2018-02-22 15:40:50.000000'),
(572, 'admin2017', 'Log in', '2018-02-22 15:51:21.000000'),
(573, 'admin2017', 'Log in', '2018-02-22 15:51:22.000000'),
(574, 'admin2017', 'Log in', '2018-02-22 16:00:35.000000'),
(575, 'admin2017', 'Log in', '2018-02-22 17:17:29.000000'),
(576, 'admin2017', 'Log in', '2018-02-22 17:26:04.000000'),
(577, 'admin2017', 'Log in', '2018-02-22 17:27:38.000000'),
(578, 'admin2017', 'Log in', '2018-02-22 17:28:02.000000'),
(579, 'admin2017', 'Log in', '2018-02-22 17:30:06.000000'),
(580, 'admin2017', 'Log in', '2018-02-22 17:50:55.000000'),
(581, 'admin2017', 'Log in', '2018-02-22 17:57:30.000000'),
(582, 'admin2017', 'Log in', '2018-02-22 18:06:14.000000'),
(583, 'admin2017', 'Log in', '2018-02-22 20:07:07.000000'),
(584, 'admin2017', 'Log in', '2018-02-22 20:07:10.000000'),
(585, 'admin2017', 'Log in', '2018-02-23 01:49:59.000000'),
(586, 'admin2017', 'Log in', '2018-02-23 01:50:01.000000'),
(587, 'admin2017', 'Log in', '2018-02-23 02:49:55.000000'),
(588, 'admin2017', 'Log in', '2018-02-23 02:56:55.000000'),
(589, 'admin2017', 'Log in', '2018-02-23 03:24:08.000000'),
(590, 'admin2017', 'Log in', '2018-02-23 17:16:23.000000'),
(591, 'admin2017', 'Log in', '2018-02-23 17:16:26.000000'),
(592, 'admin2017', 'Log in', '2018-02-23 17:19:01.000000'),
(593, 'admin2017', 'Log in', '2018-02-23 17:22:15.000000'),
(594, 'admin2017', 'Log in', '2018-02-23 17:26:34.000000'),
(595, 'admin2017', 'Log in', '2018-02-23 17:43:45.000000'),
(596, 'admin2017', 'Log in', '2018-02-23 20:08:44.000000'),
(597, 'admin2017', 'Log in', '2018-02-24 03:00:04.000000'),
(598, 'admin2017', 'Log in', '2018-02-24 03:40:20.000000'),
(599, 'admin2017', 'Log in', '2018-02-24 03:40:23.000000'),
(600, 'admin2017', 'Log in', '2018-02-24 03:58:45.000000'),
(601, 'admin2017', 'Log in', '2018-02-24 04:01:17.000000'),
(602, 'admin2017', 'Log in', '2018-02-24 14:48:26.000000'),
(603, 'admin2017', 'Log in', '2018-02-24 15:26:45.000000'),
(604, 'admin2017', 'Log in', '2018-02-24 16:06:06.000000'),
(605, 'admin2017', 'Log in', '2018-02-24 16:06:08.000000'),
(606, 'admin2017', 'Log in', '2018-02-24 16:09:58.000000'),
(607, 'admin2017', 'Log in', '2018-02-24 16:17:59.000000'),
(608, 'admin2017', 'Log in', '2018-02-24 17:31:04.000000'),
(609, 'admin2017', 'Log in', '2018-02-25 01:37:02.000000'),
(610, 'admin2017', 'Log in', '2018-02-25 03:55:49.000000'),
(611, 'admin2017', 'Log in', '2018-02-26 15:16:56.000000'),
(612, 'admin2017', 'Log in', '2018-02-26 18:39:53.000000'),
(613, 'admin2017', 'Log in', '2018-02-26 18:39:56.000000'),
(614, 'admin2017', 'Log in', '2018-02-26 18:43:17.000000'),
(615, 'admin2017', 'Log in', '2018-02-26 20:57:23.000000'),
(616, 'admin2017', 'Log in', '2018-02-26 20:57:27.000000'),
(617, 'admin2017', 'Log in', '2018-02-26 22:46:20.000000'),
(618, 'admin2017', 'Log in', '2018-02-26 22:46:22.000000'),
(619, 'admin2017', 'Log in', '2018-02-26 22:51:20.000000'),
(620, 'admin2017', 'Log in', '2018-02-26 23:15:27.000000'),
(621, 'admin2017', 'Log in', '2018-02-26 23:15:29.000000'),
(622, 'admin2017', 'Log in', '2018-02-26 23:22:57.000000'),
(623, 'admin2017', 'Log in', '2018-02-26 23:23:03.000000'),
(624, '', 'Log in', '2018-02-26 23:23:07.000000'),
(625, 'admin2017', 'Log in', '2018-02-26 23:23:09.000000'),
(626, 'admin2017', 'Log in', '2018-02-26 23:23:39.000000'),
(627, 'admin2017', 'Log in', '2018-02-26 23:24:32.000000'),
(628, 'admin2017', 'Log in', '2018-02-26 23:32:16.000000');

-- --------------------------------------------------------

--
-- Table structure for table `media`
--

CREATE TABLE `media` (
  `id` int(11) UNSIGNED NOT NULL,
  `file_name` varchar(255) NOT NULL,
  `file_type` varchar(100) NOT NULL
) ENGINE=InnoDB DEFAULT CHARSET=latin1;

-- --------------------------------------------------------

--
-- Table structure for table `products`
--

CREATE TABLE `products` (
  `id` int(11) UNSIGNED NOT NULL,
  `name` varchar(255) NOT NULL,
  `quantity` decimal(11,2) DEFAULT NULL,
  `buy_price` decimal(25,2) DEFAULT NULL,
  `sale_price` decimal(25,2) NOT NULL,
  `categorie_id` int(11) UNSIGNED NOT NULL,
  `code_id` int(11) NOT NULL,
  `unit_id` int(11) NOT NULL,
  `media_id` int(11) DEFAULT '0',
  `date` date NOT NULL,
  `date_mod` datetime(6) DEFAULT NULL
) ENGINE=InnoDB DEFAULT CHARSET=utf8;

--
-- Dumping data for table `products`
--

INSERT INTO `products` (`id`, `name`, `quantity`, `buy_price`, `sale_price`, `categorie_id`, `code_id`, `unit_id`, `media_id`, `date`, `date_mod`) VALUES
(6, 'FC1, MAGNOLIA WHOLE CKN, FC, BAG', '59.32', '118.00', '120.00', 9, 3, 2, 0, '2018-01-25', '0000-00-00 00:00:00.000000'),
(7, 'FCA, MAGNOLIA WHOLE CKN, FC, LBAND', '1.00', '120.00', '125.00', 9, 4, 2, 0, '2018-01-25', '0000-00-00 00:00:00.000000'),
(8, 'FCB, CLASS B WHOLE CKN, FSH, BARE', '622.10', '105.00', '120.00', 9, 5, 3, 0, '2018-01-25', '0000-00-00 00:00:00.000000'),
(9, 'MSC, MAGNOLIA SPRING CKN, FC, BAG', '-78.35', '118.00', '125.00', 9, 6, 3, 0, '2018-01-25', '0000-00-00 00:00:00.000000'),
(10, 'FCS, SUPERMANOK, WHOLE BARE, SMALL, FSH', '63.85', '103.20', '120.00', 9, 7, 3, 0, '2018-01-25', '0000-00-00 00:00:00.000000'),
(11, 'FXL, MAGNOLIA WHOLE CKN, BIG, FSH, LBA', '566.83', '121.00', '130.00', 9, 8, 3, 0, '2018-01-25', '0000-00-00 00:00:00.000000'),
(12, 'FIR, HRI WHOLE CHICKEN N/ON, FC, BARE', '43.49', '125.00', '131.00', 9, 9, 3, 0, '2018-01-25', '0000-00-00 00:00:00.000000'),
(13, 'MCU, CKN MRNTD CUTS, FZN, BAG', '77.69', '93.00', '110.00', 7, 10, 2, 0, '2018-01-25', '0000-00-00 00:00:00.000000'),
(14, 'UGZ, CKN GIZZARD, FC, BAG', '39.10', '88.00', '110.00', 8, 11, 3, 0, '2018-01-25', '0000-00-00 00:00:00.000000'),
(15, 'UDR1, CKN DRUMSTICK, FZ, BAG', '85.36', '118.00', '130.00', 7, 12, 3, 0, '2018-01-25', '0000-00-00 00:00:00.000000'),
(16, 'CFT 500GX20, FROZEN', '356.00', '54.60', '60.00', 6, 13, 2, 0, '2018-01-25', '0000-00-00 00:00:00.000000'),
(17, 'CBL, CKN CULLS BONELESS LEG, FZN, BAG', '60.75', '9.30', '30.00', 6, 14, 3, 0, '2018-01-25', '2018-02-14 18:22:24.000000');

-- --------------------------------------------------------

--
-- Table structure for table `product_cart`
--

CREATE TABLE `product_cart` (
  `id` int(11) UNSIGNED NOT NULL,
  `product_id` int(11) NOT NULL,
  `name` varchar(200) NOT NULL,
  `quantity` decimal(11,2) DEFAULT NULL,
  `buy_price` decimal(25,2) DEFAULT NULL,
  `sale_price` decimal(25,2) NOT NULL,
  `categorie_id` int(11) UNSIGNED NOT NULL,
  `code_id` int(11) NOT NULL,
  `unit_id` int(11) NOT NULL,
  `media_id` int(11) DEFAULT '0',
  `date` datetime NOT NULL
) ENGINE=InnoDB DEFAULT CHARSET=utf8;

--
-- Dumping data for table `product_cart`
--

INSERT INTO `product_cart` (`id`, `product_id`, `name`, `quantity`, `buy_price`, `sale_price`, `categorie_id`, `code_id`, `unit_id`, `media_id`, `date`) VALUES
(1, 7, 'FCA, MAGNOLIA WHOLE CKN, FC, LBAND', NULL, NULL, '125.00', 0, 0, 0, 0, '0000-00-00 00:00:00');

-- --------------------------------------------------------

--
-- Table structure for table `routes`
--

CREATE TABLE `routes` (
  `id` int(11) NOT NULL,
  `salesman_id` int(20) NOT NULL,
  `coverage` varchar(50) NOT NULL,
  `unit_id` int(5) NOT NULL,
  `loads` decimal(10,3) DEFAULT NULL,
  `returns` decimal(20,3) DEFAULT NULL,
  `status` int(2) DEFAULT NULL,
  `approver` varchar(100) DEFAULT NULL,
  `date` date NOT NULL
) ENGINE=InnoDB DEFAULT CHARSET=latin1;

--
-- Dumping data for table `routes`
--

INSERT INTO `routes` (`id`, `salesman_id`, `coverage`, `unit_id`, `loads`, `returns`, `status`, `approver`, `date`) VALUES
(17, 8, 'Test', 3, '60.000', '0.000', 2, 'TEST12', '2018-02-22'),
(18, 9, 'Test', 2, '10.000', '0.000', 3, 'TEST12', '2018-02-21'),
(19, 10, 'Test', 5, '10.000', '0.000', 1, 'TEST12', '2018-02-22'),
(20, 7, 'Test', 4, '5.000', '0.000', 1, 'TEST', '2018-02-22');

-- --------------------------------------------------------

--
-- Table structure for table `sales`
--

CREATE TABLE `sales` (
  `id` int(11) UNSIGNED NOT NULL,
  `sales_invoice` varchar(30) NOT NULL,
  `customer_id` int(11) NOT NULL,
  `product_id` int(11) UNSIGNED NOT NULL,
  `salesman_id` int(30) UNSIGNED NOT NULL,
  `qty` decimal(11,2) NOT NULL,
  `price` decimal(25,2) NOT NULL,
  `term` varchar(20) NOT NULL,
  `date` date NOT NULL
) ENGINE=InnoDB DEFAULT CHARSET=utf8;

--
-- Dumping data for table `sales`
--

INSERT INTO `sales` (`id`, `sales_invoice`, `customer_id`, `product_id`, `salesman_id`, `qty`, `price`, `term`, `date`) VALUES
(15, '2324', 10, 16, 8, '1.00', '60.00', 'Credit', '2018-01-31'),
(16, '2342', 10, 17, 8, '2.00', '60.00', 'Credit', '2018-01-31'),
(17, '55656', 12, 17, 8, '1.00', '30.00', 'Credit', '2018-01-31'),
(18, '213123', 10, 16, 8, '1.00', '60.00', 'Credit', '2018-02-09'),
(19, '23423423', 13, 14, 8, '1.00', '110.00', 'Credit', '2018-02-09'),
(20, '1231231', 10, 13, 8, '1.00', '110.00', 'Credit', '2018-02-09'),
(21, '2343', 10, 8, 8, '1.00', '120.00', 'Credit', '2018-02-09'),
(22, '24234', 10, 9, 8, '124.00', '15500.00', 'Credit', '2018-02-09'),
(23, '5644', 11, 11, 8, '1.00', '121.00', 'Cash', '2018-02-18'),
(24, '2313', 10, 9, 8, '1.00', '12.00', 'Cash', '2018-02-20');

-- --------------------------------------------------------

--
-- Table structure for table `salesman`
--

CREATE TABLE `salesman` (
  `id` int(20) NOT NULL,
  `employee_id` int(11) NOT NULL,
  `platenumber` varchar(10) NOT NULL,
  `date` datetime(6) NOT NULL,
  `date_mod` datetime(6) DEFAULT NULL
) ENGINE=InnoDB DEFAULT CHARSET=latin1;

--
-- Dumping data for table `salesman`
--

INSERT INTO `salesman` (`id`, `employee_id`, `platenumber`, `date`, `date_mod`) VALUES
(20, 5, 'test123', '2018-02-22 03:21:20.000000', NULL),
(21, 6, 'test123', '2018-02-22 03:21:25.000000', NULL),
(22, 7, 'test123', '2018-02-22 03:21:34.000000', NULL),
(23, 8, 'test123', '2018-02-22 03:21:39.000000', NULL),
(24, 9, 'test123', '2018-02-22 03:21:45.000000', NULL),
(25, 10, 'test123', '2018-02-22 03:21:50.000000', NULL);

-- --------------------------------------------------------

--
-- Table structure for table `supplier`
--

CREATE TABLE `supplier` (
  `id` int(30) NOT NULL,
  `name` varchar(200) NOT NULL,
  `address` varchar(200) NOT NULL,
  `contacts` varchar(30) NOT NULL,
  `vatregtine` varchar(50) CHARACTER SET utf8mb4 NOT NULL,
  `date` datetime(6) NOT NULL,
  `date_mod` datetime DEFAULT NULL
) ENGINE=InnoDB DEFAULT CHARSET=utf8;

--
-- Dumping data for table `supplier`
--

INSERT INTO `supplier` (`id`, `name`, `address`, `contacts`, `vatregtine`, `date`, `date_mod`) VALUES
(2, 'SAN MIGUEL FOODS, INC', 'ANTIPOLO ALBUERA, LEYTE', '0', '000-275-554-00129', '0000-00-00 00:00:00.000000', '2018-02-16 06:49:38'),
(3, 'SAN MIGUEL FOODS INC', 'SITIO CAMINGMING VALENCIA ORMOC CITY', '0', '000-275-554-005', '2018-02-16 06:50:03.000000', '0000-00-00 00:00:00'),
(4, 'SMFI', 'Tacloban', '2131', '123-1312', '2018-02-16 06:50:21.000000', '0000-00-00 00:00:00'),
(5, 'San Miguel', 'Pasig', '134', '234-12312-123', '2018-02-16 06:50:49.000000', '0000-00-00 00:00:00');

-- --------------------------------------------------------

--
-- Table structure for table `unit_measures`
--

CREATE TABLE `unit_measures` (
  `id` int(10) NOT NULL,
  `name` varchar(20) CHARACTER SET utf8 NOT NULL,
  `date` date NOT NULL,
  `date_mod` datetime(6) DEFAULT NULL
) ENGINE=InnoDB DEFAULT CHARSET=latin1;

--
-- Dumping data for table `unit_measures`
--

INSERT INTO `unit_measures` (`id`, `name`, `date`, `date_mod`) VALUES
(2, 'KG', '0000-00-00', '0000-00-00 00:00:00.000000'),
(3, 'KGS', '0000-00-00', '0000-00-00 00:00:00.000000'),
(4, 'PC', '0000-00-00', '0000-00-00 00:00:00.000000'),
(5, 'CRT', '2018-02-16', '0000-00-00 00:00:00.000000');

-- --------------------------------------------------------

--
-- Table structure for table `updates`
--

CREATE TABLE `updates` (
  `id` int(20) NOT NULL,
  `name` varchar(500) NOT NULL,
  `date` datetime(6) NOT NULL
) ENGINE=InnoDB DEFAULT CHARSET=latin1;

--
-- Dumping data for table `updates`
--

INSERT INTO `updates` (`id`, `name`, `date`) VALUES
(1, 'The mobile application for our stock inventory system is coming soon.', '2018-01-19 02:08:10.265371'),
(2, 'Successfully fixed and updated.', '2018-01-23 00:00:00.000000'),
(3, 'Bug fixes and Improvements', '2018-01-26 06:01:10.265371'),
(4, 'System Update: Add routes, update Sales and Bug Fixes.', '2018-01-30 03:07:07.127181'),
(5, 'System Update: Update Sales module and Bug Fixes.', '2018-02-02 00:00:00.000000'),
(6, 'System Update: Update User Interfaces,Button Validations, Salesman module and Bug Fixes.', '2018-02-11 04:00:00.000000'),
(7, 'System Update: Now you can add employee for user accounts, adding expenses modules and other bug fixes.', '2018-02-16 00:00:00.000000'),
(8, 'System Update: Added two(2) panels for dashboards. Fix Users,Employees,ROutes and Salesman module and also other minor bugs fixed.', '2018-02-21 12:56:00.000000');

-- --------------------------------------------------------

--
-- Table structure for table `users`
--

CREATE TABLE `users` (
  `id` int(11) UNSIGNED NOT NULL,
  `employee_id` int(11) NOT NULL,
  `username` varchar(50) NOT NULL,
  `password` varchar(255) NOT NULL,
  `user_level` int(11) NOT NULL,
  `image` varchar(255) DEFAULT 'no_image.jpg',
  `status` int(1) NOT NULL,
  `last_login` datetime DEFAULT NULL,
  `date_mod` datetime(6) DEFAULT NULL
) ENGINE=InnoDB DEFAULT CHARSET=latin1;

--
-- Dumping data for table `users`
--

INSERT INTO `users` (`id`, `employee_id`, `username`, `password`, `user_level`, `image`, `status`, `last_login`, `date_mod`) VALUES
(12, 3, 'Sales', '12dea96fec20593566ab75692c9949596833adc9', 3, 'no_image.jpg', 0, '2018-01-31 17:53:32', '2018-02-15 12:53:06.000000'),
(13, 2, 'Route1', '12dea96fec20593566ab75692c9949596833adc9', 4, 'no_image.jpg', 0, '2018-02-17 13:42:41', '0000-00-00 00:00:00.000000'),
(14, 1, 'Admin2017', 'd033e22ae348aeb5660fc2140aec35850c4da997', 1, 'no_image.jpg', 1, '2018-02-26 23:32:16', '2018-02-17 02:14:51.000000'),
(15, 10, 'Routeone', '12dea96fec20593566ab75692c9949596833adc9', 4, 'no_image.jpg', 0, '2018-02-21 05:47:42', '2018-02-19 11:44:04.000000');

-- --------------------------------------------------------

--
-- Table structure for table `user_groups`
--

CREATE TABLE `user_groups` (
  `id` int(11) NOT NULL,
  `group_name` varchar(150) NOT NULL,
  `group_level` int(11) NOT NULL,
  `group_status` int(1) NOT NULL,
  `date` datetime(6) NOT NULL,
  `date_mod` datetime(6) DEFAULT NULL
) ENGINE=InnoDB DEFAULT CHARSET=latin1;

--
-- Dumping data for table `user_groups`
--

INSERT INTO `user_groups` (`id`, `group_name`, `group_level`, `group_status`, `date`, `date_mod`) VALUES
(2, 'Encoder', 2, 0, '0000-00-00 00:00:00.000000', '2018-02-17 01:34:19.000000'),
(3, 'Sales', 3, 0, '0000-00-00 00:00:00.000000', '0000-00-00 00:00:00.000000'),
(5, 'Administrator', 1, 1, '0000-00-00 00:00:00.000000', '2018-02-17 02:14:11.000000'),
(6, 'Routes', 4, 0, '0000-00-00 00:00:00.000000', '2018-02-19 11:44:11.000000'),
(7, 'Owner', 5, 0, '2018-02-17 00:57:33.000000', '2018-02-17 01:34:54.000000');

--
-- Indexes for dumped tables
--

--
-- Indexes for table `categories`
--
ALTER TABLE `categories`
  ADD PRIMARY KEY (`id`),
  ADD UNIQUE KEY `name` (`name`);

--
-- Indexes for table `channels`
--
ALTER TABLE `channels`
  ADD PRIMARY KEY (`id`);

--
-- Indexes for table `codes`
--
ALTER TABLE `codes`
  ADD PRIMARY KEY (`id`);

--
-- Indexes for table `customers`
--
ALTER TABLE `customers`
  ADD PRIMARY KEY (`id`),
  ADD KEY `channels_id` (`channels_id`),
  ADD KEY `channels_id_2` (`channels_id`);

--
-- Indexes for table `employees`
--
ALTER TABLE `employees`
  ADD PRIMARY KEY (`id`);

--
-- Indexes for table `expenses_account`
--
ALTER TABLE `expenses_account`
  ADD PRIMARY KEY (`id`);

--
-- Indexes for table `expenses_desc`
--
ALTER TABLE `expenses_desc`
  ADD PRIMARY KEY (`id`);

--
-- Indexes for table `logs`
--
ALTER TABLE `logs`
  ADD PRIMARY KEY (`id`);

--
-- Indexes for table `media`
--
ALTER TABLE `media`
  ADD PRIMARY KEY (`id`),
  ADD KEY `id` (`id`);

--
-- Indexes for table `products`
--
ALTER TABLE `products`
  ADD PRIMARY KEY (`id`),
  ADD UNIQUE KEY `name` (`name`),
  ADD KEY `categorie_id` (`categorie_id`),
  ADD KEY `media_id` (`media_id`),
  ADD KEY `code_id` (`code_id`),
  ADD KEY `unit_id` (`unit_id`),
  ADD KEY `categorie_id_2` (`categorie_id`),
  ADD KEY `unit_id_2` (`unit_id`),
  ADD KEY `unit_id_3` (`unit_id`),
  ADD KEY `code_id_2` (`code_id`),
  ADD KEY `categorie_id_3` (`categorie_id`);

--
-- Indexes for table `product_cart`
--
ALTER TABLE `product_cart`
  ADD PRIMARY KEY (`id`),
  ADD UNIQUE KEY `id_2` (`id`),
  ADD KEY `id` (`id`),
  ADD KEY `product_id` (`product_id`);

--
-- Indexes for table `routes`
--
ALTER TABLE `routes`
  ADD PRIMARY KEY (`id`),
  ADD KEY `route_id` (`salesman_id`);

--
-- Indexes for table `sales`
--
ALTER TABLE `sales`
  ADD PRIMARY KEY (`id`),
  ADD KEY `product_id` (`product_id`),
  ADD KEY `salesman_id` (`salesman_id`);

--
-- Indexes for table `salesman`
--
ALTER TABLE `salesman`
  ADD PRIMARY KEY (`id`),
  ADD KEY `employee_id` (`employee_id`);

--
-- Indexes for table `supplier`
--
ALTER TABLE `supplier`
  ADD PRIMARY KEY (`id`);

--
-- Indexes for table `unit_measures`
--
ALTER TABLE `unit_measures`
  ADD PRIMARY KEY (`id`);

--
-- Indexes for table `updates`
--
ALTER TABLE `updates`
  ADD PRIMARY KEY (`id`);

--
-- Indexes for table `users`
--
ALTER TABLE `users`
  ADD PRIMARY KEY (`id`),
  ADD KEY `user_level` (`user_level`),
  ADD KEY `employee_id` (`employee_id`);

--
-- Indexes for table `user_groups`
--
ALTER TABLE `user_groups`
  ADD PRIMARY KEY (`id`),
  ADD UNIQUE KEY `group_level` (`group_level`);

--
-- AUTO_INCREMENT for dumped tables
--

--
-- AUTO_INCREMENT for table `categories`
--
ALTER TABLE `categories`
  MODIFY `id` int(11) UNSIGNED NOT NULL AUTO_INCREMENT, AUTO_INCREMENT=10;
--
-- AUTO_INCREMENT for table `channels`
--
ALTER TABLE `channels`
  MODIFY `id` int(11) NOT NULL AUTO_INCREMENT, AUTO_INCREMENT=26;
--
-- AUTO_INCREMENT for table `codes`
--
ALTER TABLE `codes`
  MODIFY `id` int(11) NOT NULL AUTO_INCREMENT, AUTO_INCREMENT=18;
--
-- AUTO_INCREMENT for table `customers`
--
ALTER TABLE `customers`
  MODIFY `id` int(30) NOT NULL AUTO_INCREMENT, AUTO_INCREMENT=14;
--
-- AUTO_INCREMENT for table `employees`
--
ALTER TABLE `employees`
  MODIFY `id` int(11) NOT NULL AUTO_INCREMENT, AUTO_INCREMENT=11;
--
-- AUTO_INCREMENT for table `expenses_account`
--
ALTER TABLE `expenses_account`
  MODIFY `id` int(11) NOT NULL AUTO_INCREMENT, AUTO_INCREMENT=2;
--
-- AUTO_INCREMENT for table `expenses_desc`
--
ALTER TABLE `expenses_desc`
  MODIFY `id` int(11) NOT NULL AUTO_INCREMENT, AUTO_INCREMENT=2;
--
-- AUTO_INCREMENT for table `logs`
--
ALTER TABLE `logs`
  MODIFY `id` int(20) NOT NULL AUTO_INCREMENT, AUTO_INCREMENT=629;
--
-- AUTO_INCREMENT for table `media`
--
ALTER TABLE `media`
  MODIFY `id` int(11) UNSIGNED NOT NULL AUTO_INCREMENT;
--
-- AUTO_INCREMENT for table `products`
--
ALTER TABLE `products`
  MODIFY `id` int(11) UNSIGNED NOT NULL AUTO_INCREMENT, AUTO_INCREMENT=18;
--
-- AUTO_INCREMENT for table `product_cart`
--
ALTER TABLE `product_cart`
  MODIFY `id` int(11) UNSIGNED NOT NULL AUTO_INCREMENT, AUTO_INCREMENT=2;
--
-- AUTO_INCREMENT for table `routes`
--
ALTER TABLE `routes`
  MODIFY `id` int(11) NOT NULL AUTO_INCREMENT, AUTO_INCREMENT=21;
--
-- AUTO_INCREMENT for table `sales`
--
ALTER TABLE `sales`
  MODIFY `id` int(11) UNSIGNED NOT NULL AUTO_INCREMENT, AUTO_INCREMENT=25;
--
-- AUTO_INCREMENT for table `salesman`
--
ALTER TABLE `salesman`
  MODIFY `id` int(20) NOT NULL AUTO_INCREMENT, AUTO_INCREMENT=26;
--
-- AUTO_INCREMENT for table `supplier`
--
ALTER TABLE `supplier`
  MODIFY `id` int(30) NOT NULL AUTO_INCREMENT, AUTO_INCREMENT=6;
--
-- AUTO_INCREMENT for table `unit_measures`
--
ALTER TABLE `unit_measures`
  MODIFY `id` int(10) NOT NULL AUTO_INCREMENT, AUTO_INCREMENT=6;
--
-- AUTO_INCREMENT for table `updates`
--
ALTER TABLE `updates`
  MODIFY `id` int(20) NOT NULL AUTO_INCREMENT, AUTO_INCREMENT=9;
--
-- AUTO_INCREMENT for table `users`
--
ALTER TABLE `users`
  MODIFY `id` int(11) UNSIGNED NOT NULL AUTO_INCREMENT, AUTO_INCREMENT=16;
--
-- AUTO_INCREMENT for table `user_groups`
--
ALTER TABLE `user_groups`
  MODIFY `id` int(11) NOT NULL AUTO_INCREMENT, AUTO_INCREMENT=8;
--
-- Constraints for dumped tables
--

--
-- Constraints for table `products`
--
ALTER TABLE `products`
  ADD CONSTRAINT `FK_products` FOREIGN KEY (`categorie_id`) REFERENCES `categories` (`id`) ON DELETE CASCADE ON UPDATE CASCADE;

--
-- Constraints for table `sales`
--
ALTER TABLE `sales`
  ADD CONSTRAINT `SK` FOREIGN KEY (`product_id`) REFERENCES `products` (`id`) ON DELETE CASCADE ON UPDATE CASCADE;

--
-- Constraints for table `users`
--
ALTER TABLE `users`
  ADD CONSTRAINT `FK_user` FOREIGN KEY (`user_level`) REFERENCES `user_groups` (`group_level`) ON DELETE CASCADE ON UPDATE CASCADE;

/*!40101 SET CHARACTER_SET_CLIENT=@OLD_CHARACTER_SET_CLIENT */;
/*!40101 SET CHARACTER_SET_RESULTS=@OLD_CHARACTER_SET_RESULTS */;
/*!40101 SET COLLATION_CONNECTION=@OLD_COLLATION_CONNECTION */;
